{
  "os":  "Linux-6.1.123+-x86_64-with-glibc2.35",
  "python":  "CPython 3.11.13",
  "startedAt":  "2025-07-23T15:03:35.699550Z",
  "program":  "YodaBot.ipynb",
  "email":  "chinmayi5405@gmail.com",
  "root":  "/content",
  "host":  "6013bf9af5a4",
  "executable":  "/usr/bin/python3",
  "colab":  "https://colab.research.google.com/notebook#fileId=14T45gM1uo-NloU9gGYBoUypsTFdpNTUW",
  "cpu_count":  1,
  "cpu_count_logical":  2,
  "disk":  {
    "/":  {
      "total":  "115658190848",
      "used":  "51535294464"
    }
  },
  "memory":  {
    "total":  "13608361984"
  },
  "writerId":  "wkvz94hbl3u9lhb0vt1nco62db39bedu"
}